{"cameraMode":{"drawMode":0,"name":"Shaded","section":"Shading Mode"},"sceneLighting":true,"audioPlay":false,"sceneViewState":{"showFog":true,"showMaterialUpdate":false,"showSkybox":true,"showFlares":true,"showImageEffects":true,"showParticleSystems":true},"in2DMode":false,"pivot":{"x":0.07673507928848267,"y":-0.06547870486974716,"z":5.671097755432129},"rotation":{"x":-0.02430841512978077,"y":0.0005970795173197985,"z":-0.000024639333787490614,"w":-0.9997305274009705},"size":7.66425895690918,"orthographic":false}